GenPos,CM,Chrom
25476,0,1a
420640,1.602,1a
678023,4.242,1a
809610,5.187,1a
1074498,7.82,1a
1197094,11.172,1a
1450599,13.317,1a
1603751,17.954,1a
1654424,18.263,1a
1801610,18.888,1a
2287972,23.864,1a
2173367,24.488,1a
2446466,25.766,1a
2714114,30.247,1a
2746777,31.192,1a
2766897,32.463,1a
3172702,34.066,1a
3233738,34.69,1a
3337469,35.961,1a
3620833,38.972,1a
3676870,43.492,1a
4205429,46.153,1a
4454250,47.755,1a
7044030,59.775,1a
67512672,61.721,1a
69227784,64.71,1a
69430752,65.655,1a
83491840,0,1b
83444784,0.625,1b
83852784,1.249,1b
83886296,1.874,1b
84030632,2.499,1b
84453240,2.809,1b
84791600,3.119,1b
85091408,4.721,1b
85115608,5.346,1b
85349656,5.97,1b
85528584,7.91,1b
85589200,8.535,1b
85880176,8.845,1b
86094056,9.469,1b
86171344,10.094,1b
86467672,10.404,1b
86636792,12.006,1b
86652296,12.951,1b
86750072,14.554,1b
86770448,14.864,1b
86867568,15.488,1b
86946640,15.798,1b
87007552,16.423,1b
87316104,17.694,1b
87424624,18.319,1b
87466808,18.628,1b
87515296,18.938,1b
87626952,19.248,1b
87876712,19.873,1b
88133200,20.182,1b
88208824,20.807,1b
88485608,22.747,1b
88779712,24.018,1b
89170840,26.651,1b
89263336,26.96,1b
89516752,27.886,1b
89692224,29.177,1b
28520428,0,2
4408969,1.623,2
31348124,14.377,2
33752308,22.723,2
34230860,25.043,2
34688580,26.665,2
34914156,28.288,2
35154512,28.288,2
36411532,37.692,2
36572328,38.325,2
36842440,38.957,2
36952364,40.244,2
37383252,40.876,2
37722740,42.848,2
37910600,44.812,2
37964824,45.126,2
38097048,45.758,2
38263888,46.39,2
38420188,46.704,2
38633512,47.336,2
38921120,47.65,2
39021568,47.963,2
39279344,48.596,2
39337268,49.228,2
39610104,50.515,2
39840344,51.802,2
39990428,52.115,2
40330288,52.748,2
40402624,53.38,2
40903680,54.012,2
41198364,56.325,2
41438892,56.638,2
41701704,57.277,2
42038064,57.935,2
42396856,59.67,2
42549116,61.05,2
42818872,61.702,2
42835060,62.022,2
43008392,63.678,2
43635344,65.005,2
46519432,79.574,2
46799456,81.573,2
47094976,81.893,2
47298644,82.856,2
47423768,83.17,2
48055028,83.815,2
48115992,84.148,2
48203320,84.786,2
48333328,85.419,2
48349332,85.732,2
48410544,86.365,2
48499768,87.651,2
48535588,88.284,2
48902712,88.916,2
49271872,89.23,2
49456228,90.187,2
49817176,90.5,2
61685,0,3
143690,0.313,3
466104,0.946,3
791973,5.488,3
867789,6.12,3
931641,7.407,3
1198055,7.72,3
1251411,8.353,3
1410013,11.748,3
1542964,16.314,3
1676785,17.601,3
1812322,21.019,3
4744191,46.684,3
45597764,46.997,3
56643724,67.527,3
57499392,71.745,3
57539428,72.378,3
57704708,73.013,3
57730768,73.649,3
58200284,74.294,3
58802824,76.687,3
61126104,84.812,3
61455904,86.825,3
61881752,90.649,3
62083224,91.962,3
30398,0,4
346562,0.957,4
452399,1.27,4
516464,1.903,4
1767382,21.915,4
1896090,22.548,4
1975671,23.18,4
2079250,25.144,4
2196052,26.101,4
2281524,26.734,4
2414171,27.366,4
2573216,28.989,4
2593949,29.621,4
2739043,31.585,4
2773173,32.218,4
3143637,34.885,4
3154196,35.198,4
3400281,36.821,4
3622896,37.807,4
3902301,38.734,4
4053163,39.367,4
4116668,39.367,4
4374960,40.653,4
4388080,40.967,4
4654114,41.924,4
4711015,42.556,4
4935940,44.521,4
4942410,44.834,4
5459783,46.798,4
5520254,47.431,4
5548614,48.063,4
5825567,48.767,4
6185900,52.834,4
6219294,53.467,4
9498101,53.467,4
6909007,54.099,4
22462318,55.056,4
51438196,55.369,4
51677496,57.334,4
52251560,57.966,4
52475488,58.599,4
53407496,60.563,4
53676408,61.195,4
53710784,61.828,4
54158444,63.115,4
54340544,64.071,4
54503564,66.036,4
54541392,66.668,4
54844960,67.3,4
54942332,67.614,4
55014580,68.246,4
55076292,68.56,4
55204028,69.192,4
55509224,69.825,4
55746300,72.492,4
55936272,73.124,4
56475308,76.894,4
56570524,77.527,4
8777285,77.527,4
8765816,77.527,4
56773424,77.84,4
56837776,77.843,4
57013608,78.797,4
57036624,78.797,4
57161780,80.419,4
57403088,81.907,4
57834340,84.717,4
57862904,85.031,4
58083420,86.995,4
58174884,87.199,4
58081284,87.308,4
58210212,88.264,4
58340636,88.987,4
58435664,91.201,4
58656968,93.388,4
58719164,94.801,4
58778208,95.115,4
58807888,96.075,4
58808024,96.078,4
59389096,97.035,4
59678612,98.664,4
59835632,99.951,4
60153208,100.583,4
60507024,104.736,4
60746928,106.023,4
60825784,107.309,4
60982124,108.596,4
61082176,108.91,4
61413112,113.873,4
61681720,115.16,4
61843192,115.792,4
61886216,116.201,4
61931832,117.06,4
62306320,119.57,4
62437420,122.452,4
62740132,123.409,4
62765772,124.042,4
62953112,124.998,4
62987788,125.631,4
63201160,126.269,4
63396492,127.892,4
63487356,129.179,4
63661368,129.811,4
63821548,130.444,4
63890920,131.076,4
266290,0,5
416766,0.632,5
1860303,24.923,5
2166131,27.965,5
2237607,28.598,5
2355505,29.554,5
2448081,30.187,5
2515287,32.151,5
2532174,33.398,5
2654431,33.435,5
2708007,35.058,5
2732240,35.371,5
2830123,36.328,5
2986566,36.961,5
3036158,37.593,5
3225278,39.905,5
3184781,40.219,5
3353307,40.532,5
3478334,41.489,5
3786287,43.454,5
4037025,44.74,5
4135221,45.373,5
4313620,46.329,5
16719719,47.616,5
4710181,48.249,5
4419295,48.881,5
5015999,50.859,5
5155594,52.146,5
5328934,53.103,5
5457423,53.735,5
5826500,57.505,5
5763520,57.819,5
6145847,59.783,5
6502506,60.74,5
6711122,62.027,5
6814273,62.659,5
7031078,62.973,5
7487604,64.26,5
18036868,64.892,5
7533961,64.892,5
58292936,66.403,5
58485952,67.161,5
59633772,67.794,5
59785860,68.426,5
60341672,71.454,5
60421640,72.086,5
60618536,73.373,5
60979960,74.996,5
13370377,75.628,5
62100796,92.636,5
62307404,95.324,5
62321504,95.963,5
62370104,97.256,5
62455284,97.57,5
62569464,99.555,5
62806428,101.881,5
874292,0,6
951929,0,6
933801,0,6
1178196,6.181,6
1339261,7.514,6
1625550,8.484,6
1855315,9.116,6
2010270,11.081,6
2058636,11.081,6
2043071,11.081,6
2054681,11.081,6
2056239,11.081,6
2087819,11.081,6
2983558,13.747,6
2983761,13.747,6
3502989,15.712,6
3634283,16.025,6
22607036,16.339,6
18115840,16.339,6
22118992,16.339,6
4306578,16.339,6
12321654,16.451,6
20202772,16.517,6
7405885,16.576,6
26239142,16.657,6
9261870,16.747,6
17526444,16.784,6
6605632,16.9,6
20393000,16.975,6
19586888,17.068,6
22135088,17.193,6
20906008,17.286,6
23757904,17.487,6
13438816,17.599,6
19032832,17.599,6
17980296,17.599,6
17909350,17.599,6
4920349,17.599,6
24701896,17.599,6
23120264,17.599,6
15536161,17.599,6
4486913,17.599,6
12983698,17.599,6
5391851,17.599,6
13419477,17.599,6
16052973,17.599,6
19499390,17.599,6
10704956,17.599,6
12373053,17.599,6
9328473,17.957,6
15586939,18.232,6
5188063,18.232,6
6197140,18.232,6
9032558,18.546,6
5720909,19.175,6
16050750,19.178,6
9855815,19.606,6
9388697,20.129,6
5853182,20.129,6
10051492,20.129,6
16131852,20.129,6
7651488,20.443,6
23163610,20.769,6
4792183,20.769,6
28105056,21.628,6
28256720,22.043,6
28852308,22.043,6
28599118,22.043,6
28759156,22.161,6
28712732,22.355,6
29163198,22.987,6
29257252,22.987,6
29453832,23.594,6
29683438,23.619,6
29985152,23.619,6
29767188,23.619,6
29685112,23.619,6
30151876,23.622,6
31255358,26.646,6
31468886,26.646,6
31570410,27.279,6
31973016,27.592,6
32089880,30.62,6
32202456,30.934,6
33795096,49.42,6
33847420,49.42,6
33676216,49.42,6
33817920,49.42,6
33875940,49.42,6
33993440,51.042,6
33947012,51.045,6
34100828,52.329,6
34172364,52.772,6
34306000,53.596,6
34364820,53.596,6
34264392,53.596,6
34803180,55.56,6
34712240,55.56,6
34684360,55.56,6
34766972,55.56,6
34700072,55.56,6
34801892,55.56,6
34929168,56.192,6
35082972,56.192,6
35096952,56.192,6
35002652,56.192,6
34955856,56.192,6
34983652,56.192,6
34819080,56.192,6
35101604,56.192,6
34965040,56.192,6
35127304,56.825,6
35203600,57.138,6
35241012,57.138,6
35282416,57.138,6
35283248,57.138,6
35193912,57.138,6
35229312,57.138,6
35330856,57.771,6
35359732,57.771,6
35353744,57.771,6
35310496,57.771,6
35310312,57.771,6
35555348,59.057,6
35636840,60.014,6
35809648,60.647,6
35747752,60.647,6
35841096,60.647,6
35982072,60.647,6
35951416,60.647,6
35828528,60.647,6
35897120,60.647,6
35979196,60.647,6
35860744,60.647,6
36052144,61.933,6
36036284,61.933,6
36132804,61.933,6
36171752,62.247,6
36194300,62.247,6
36278024,62.879,6
36342432,63.193,6
36335736,63.193,6
36355096,63.506,6
36509396,63.506,6
36583000,63.506,6
36530952,63.506,6
36537988,63.506,6
36485776,63.506,6
36618860,64.139,6
36770960,64.771,6
36818756,64.771,6
37781720,68.122,6
37874180,68.858,6
38863588,73.392,6
38883368,73.392,6
39010000,74.024,6
39026016,74.196,6
38996208,74.337,6
39025472,74.337,6
38949704,74.337,6
38935456,74.337,6
38960060,74.337,6
39115432,74.969,6
39172848,74.969,6
39112588,74.969,6
39044048,74.969,6
39180864,75.601,6
39229044,75.739,6
39198664,75.914,6
39215836,75.914,6
39178188,76.092,6
39204168,76.226,6
39264344,76.858,6
39560860,78.481,6
39497912,78.481,6
39515056,78.481,6
39560292,78.481,6
39520712,78.481,6
39585680,79.113,6
39631312,79.427,6
39702072,79.427,6
39720168,81.049,6
39720968,81.049,6
40011792,83.716,6
40025376,83.716,6
40010168,83.716,6
40160648,84.349,6
40184664,84.981,6
40243656,84.981,6
40190880,84.981,6
40307720,85.613,6
40596644,89.024,6
41166592,92.059,6
41155136,92.059,6
41147432,92.059,6
41224432,92.691,6
41243768,93.005,6
41224584,93.005,6
41722288,94.969,6
41524004,94.969,6
41672688,94.969,6
41388540,94.969,6
41505624,94.969,6
41442728,94.969,6
41665888,94.969,6
41813144,95.283,6
41812268,95.283,6
41855120,95.915,6
41953192,95.915,6
42004696,97.209,6
42113752,97.522,6
42083664,97.522,6
42471128,99.487,6
42299156,99.487,6
42345260,99.487,6
42593544,100.773,6
42601300,100.773,6
42596000,100.773,6
42794000,100.773,6
42601048,100.773,6
42712640,100.773,6
42740712,100.773,6
42863540,101.093,6
43046416,102.05,6
43023484,102.05,6
43003896,102.05,6
43301744,102.363,6
43431568,102.677,6
43431840,102.677,6
43702064,104.3,6
43602884,104.3,6
43582592,104.3,6
43763060,104.3,6
44674784,110.058,6
44905196,112.725,6
44920964,112.725,6
428378,0,7
1559291,15.853,7
1815047,19.951,7
1887352,20.655,7
1927407,20.968,7
2090621,24.025,7
2858020,30.707,7
3317484,39.248,7
28075704,49.222,7
55243744,53.375,7
55235216,53.375,7
55649616,56.77,7
55767688,56.77,7
55828960,56.77,7
55775212,56.77,7
55494520,56.77,7
55700676,56.77,7
55580868,56.77,7
55580992,56.77,7
55513508,56.77,7
55863428,57.084,7
56262052,59.751,7
56503392,61.044,7
56435292,61.044,7
56518988,61.044,7
56772808,63.008,7
56595944,63.008,7
56745580,63.008,7
56925252,64.295,7
56971320,64.609,7
56970200,64.609,7
57101368,65.241,7
57105864,65.241,7
57095528,65.241,7
57046552,65.241,7
57278396,67.206,7
57882284,69.17,7
58053088,69.17,7
58189028,69.17,7
58247240,69.17,7
58142204,69.17,7
58389520,70.457,7
58678584,70.457,7
58647868,70.457,7
58659004,70.457,7
58767280,71.089,7
58765600,71.089,7
58993464,71.721,7
60289256,83.214,7
60516320,83.846,7
60620444,83.846,7
60647932,84.479,7
60953408,84.479,7
60992576,85.435,7
61092100,86.068,7
61072468,86.068,7
61110872,86.381,7
61352404,87.668,7
61282892,87.668,7
61454296,90.335,7
61494964,90.648,7
61597504,90.648,7
18277,0,8
197104,0.624,8
489405,2.915,8
426803,2.915,8
677440,5.547,8
749673,5.857,8
807232,6.482,8
977931,7.753,8
991213,7.753,8
1068491,8.724,8
1149704,9.374,8
2908496,48.199,8
15684096,56.256,8
50811176,57.579,8
10352792,76.139,8
55711252,76.763,8
56056852,77.388,8
56673656,79.341,8
56877708,79.657,8
57099504,81.287,8
57194264,82.238,8
57382036,82.548,8
57428676,82.858,8
57594496,84.804,8
58824728,89.681,8
59267080,92.673,8
59490348,93.944,8
59591060,94.569,8
59708552,95.2,8
59858704,95.825,8
59976736,96.628,8
60032312,97.4,8
60046272,97.526,8
60130560,97.708,8
60152376,98.333,8
60397256,99.624,8
60672472,99.94,8
62656452,109.867,8
48774,0,9
372732,0.632,9
1303738,8.134,9
1751657,13.479,9
1836161,14.111,9
1917818,14.425,9
2110847,17.092,9
2125163,17.724,9
2412506,18.038,9
2595106,18.67,9
3361769,26.632,9
3441642,27.517,9
3503299,28.877,9
3531122,29.509,9
3827480,31.829,9
3952439,32.616,9
3988469,33.416,9
4132308,36.444,9
4114816,36.444,9
4715716,44.406,9
5038678,45.693,9
5400867,46.325,9
5838289,47.612,9
17050492,48.898,9
57808016,50.185,9
58088604,52.15,9
59327656,53.106,9
59436440,54.063,9
59830968,55.35,9
60417344,59.12,9
60488088,59.753,9
60746500,60.385,9
60879336,61.672,9
61256528,62.958,9
61454792,63.272,9
61608312,64.229,9
61700424,64.861,9
61758236,65.494,9
61984696,66.126,9
62162316,66.44,9
62248928,67.072,9
62379976,67.704,9
62483060,68.018,9
62632748,69.305,9
62766144,70.934,9
62897108,72.398,9
62985912,73.848,9
63010872,73.848,9
63211596,75.471,9
63302484,75.471,9
63445200,76.758,9
63537580,78.38,9
63841640,80.003,9
64089432,80.635,9
64293296,80.949,9
64794424,85.491,9
64948032,86.778,9
64960580,87.41,9
65052636,88.367,9
65062828,88.68,9
65152920,88.994,9
65286132,90.617,9
65469248,92.929,9
65685760,93.242,9
65815200,96.638,9
65923688,97.925,9
66074492,99.561,9
66165096,100.518,9
66260384,100.831,9
66398560,101.464,9
66518364,105.257,9
66561480,106.544,9
66710096,108.166,9
66807708,108.48,9
66917748,109.766,9
67232088,111.053,9
67309528,111.367,9
67605000,112.72,9
242877,0,10
536147,0.632,10
540742,0.632,10
1686258,9.545,10
1686493,9.859,10
2312252,21.461,10
2527299,24.135,10
4323992,42.517,10
7193989,42.655,10
16615968,42.83,10
16321639,42.83,10
6989477,42.842,10
15292380,43.462,10
6380151,43.775,10
11189866,43.775,10
58738936,49.617,10
59476312,53.731,10
61002556,75.37,10
61658144,80.748,10
61914508,83.067,10
62306016,86.837,10
62352936,87.151,10
62476832,87.832,10
62965500,92.944,10
63533668,98.968,10
63662428,99.99,10
64441676,106.03,10
64251736,106.03,10
19593316,0,11
3706408,0.326,11
4106782,2.645,11
4629870,5.68,11
4775141,8,11
5148394,10.674,11
5174417,10.674,11
5279506,13.34,11
5329635,14.297,11
5472482,14.611,11
5702819,15.243,11
5955471,15.876,11
6497192,17.162,11
7105410,17.162,11
7485624,17.795,11
7598793,17.795,11
7857299,18.108,11
8357424,18.741,11
23203400,20.705,11
46408368,22.669,11
47008280,23.302,11
47410780,23.934,11
48283252,28.087,11
48586064,29.373,11
48824920,30.006,11
48873576,30.319,11
49291740,32.291,11
49757852,35.326,11
49909656,37.29,11
50039296,38.577,11
50277624,40.541,11
50322596,41.828,11
50386732,42.142,11
50447984,43.764,11
50536500,45.051,11
50583400,45.364,11
50658504,45.997,11
50826944,47.284,11
51058432,48.24,11
51207404,50.907,11
51306084,52.194,11
51419024,54.158,11
51721096,58.326,11
51885280,59.613,11
51893640,60.245,11
51936800,60.884,11
52175920,61.198,11
52282596,61.511,11
52535836,64.907,11
52634724,65.539,11
52768184,66.172,11
52814672,66.804,11
52849080,67.118,11
52958052,67.431,11
53090168,70.098,11
53184616,70.73,11
53248408,71.363,11
53309080,72.008,11
6659,0,12
497852,0.957,12
542525,1.589,12
741512,3.553,12
803228,5.518,12
891800,6.15,12
1072636,6.464,12
1119616,7.096,12
1424800,11.249,12
1702457,12.871,12
1941275,14.836,12
1953863,15.149,12
2087551,15.463,12
2270606,17.085,12
2497794,19.752,12
2729000,25.105,12
2715244,25.105,12
2736587,25.501,12
2818178,26.701,12
3041302,27.988,12
3118138,28.62,12
3154960,29.253,12
3472540,32.281,12
3714671,33.237,12
3829634,33.551,12
3844068,34.183,12
3921388,35.47,12
4680194,37.093,12
4397607,38.379,12
6239549,46.369,12
11332752,46.992,12
7536683,47.001,12
7668558,47.633,12
43615420,48.266,12
44551512,48.898,12
44640272,49.531,12
44987792,50.817,12
45609412,51.45,12
47269696,55.22,12
47342720,57.185,12
47845308,59.851,12
47976208,60.165,12
48188704,61.122,12
48207224,61.754,12
48239308,62.386,12
48270976,63.019,12
48358004,63.332,12
48376968,63.965,12
48399848,64.597,12
48439360,65.23,12
48484472,65.862,12
61835468,68.181,12
62005976,70.146,12
62040100,70.778,12
62247356,71.092,12
62420952,72.382,12
62534652,77.333,12
62577148,77.972,12
